"protein	freq	study	study_type	Pdbid"
"ZNF83	59	blca_bgi	bladder	"
"KDM6A	36	blca_bgi	bladder	3AVR"
"TP53	30	blca_bgi	bladder	1A1U"
"PIK3CA	27	blca_bgi	bladder	2ENQ"
"FMN2	26	blca_bgi	bladder	2YLE"
"ARID1A	21	blca_bgi	bladder	1RYU"
"FGFR3	19	blca_bgi	bladder	1RY7"
"CREBBP	18	blca_bgi	bladder	1JSP"
"HRAS	18	blca_bgi	bladder	121P"
"ERBB2	17	blca_bgi	bladder	1MFG"
"STAG2	16	blca_bgi	bladder	4PJU"
"RB1	15	blca_bgi	bladder	1AD6"
"AQP7	15	blca_bgi	bladder	"
"EP300	14	blca_bgi	bladder	1L3E"
"SYNE2	14	blca_bgi	bladder	4DXS"
"SYNE1	13	blca_bgi	bladder	4DXR"
"ZNF233	13	blca_bgi	bladder	"
"HMCN1	13	blca_bgi	bladder	"
"KRTAP5-10	12	blca_bgi	bladder	"
"XIRP2	11	blca_bgi	bladder	4F14"
"ERCC2	11	blca_bgi	bladder	5IVW"
"PRG4	11	blca_bgi	bladder	"
"TTN	10	blca_bgi	bladder	1BPV"
"CSMD3	10	blca_bgi	bladder	"
"NOTCH2	10	blca_bgi	bladder	2OO4"
"ESRRA	9	blca_bgi	bladder	1XB7"
"ZFP36L1	9	blca_bgi	bladder	1W0V"
"ESPL1	9	blca_bgi	bladder	"
"ERBB3	9	blca_bgi	bladder	1M6B"
"PLXNB2	9	blca_bgi	bladder	4.00E+71"
"FGFRL1	9	blca_bgi	bladder	"
"KRAS	9	blca_bgi	bladder	1D8D"
"KMT2A	9	blca_bgi	bladder	2AGH"
"DCHS2	9	blca_bgi	bladder	"
"DNAH8	9	blca_bgi	bladder	"
"RELN	9	blca_bgi	bladder	"
"GOLGB1	8	blca_bgi	bladder	"
"ACTB	8	blca_bgi	bladder	3BYH"
"MACF1	8	blca_bgi	bladder	4Z6G"
"AHNAK	8	blca_bgi	bladder	4DRW"
"DMXL1	8	blca_bgi	bladder	"
"UBR4	8	blca_bgi	bladder	"
"CABIN1	8	blca_bgi	bladder	1N6J"
"ANK3	8	blca_bgi	bladder	4O6X"
"NF1	8	blca_bgi	bladder	1NF1"
"NFE2L3	8	blca_bgi	bladder	"
"VPS13B	8	blca_bgi	bladder	"
"NHS	7	blca_bgi	bladder	"
"PKHD1	7	blca_bgi	bladder	"
"TG	7	blca_bgi	bladder	"
"TP53	33	blca_mskcc_solit_2012	bladder	1A1U"
"PIK3CA	18	blca_mskcc_solit_2012	bladder	2ENQ"
"RB1	15	blca_mskcc_solit_2012	bladder	1AD6"
"FGFR3	14	blca_mskcc_solit_2012	bladder	1RY7"
"TSC1	7	blca_mskcc_solit_2012	bladder	4Z6Y"
"KRAS	4	blca_mskcc_solit_2012	bladder	1D8D"
"PTEN	2	blca_mskcc_solit_2012	bladder	1D5R"
"CDKN2A	2	blca_mskcc_solit_2012	bladder	1A5E"
"BRAF	2	blca_mskcc_solit_2012	bladder	1UWH"
"AKT1	2	blca_mskcc_solit_2012	bladder	1H10"
"AKT3	1	blca_mskcc_solit_2012	bladder	2X18"
"SUCLG2	1	blca_mskcc_solit_2012	bladder	"
"TP53	78	blca_mskcc_solit_2014	bladder	1A1U"
"KMT2D	56	blca_mskcc_solit_2014	bladder	3UVK"
"KDM6A	48	blca_mskcc_solit_2014	bladder	3AVR"
"ARID1A	41	blca_mskcc_solit_2014	bladder	1RYU"
"RB1	28	blca_mskcc_solit_2014	bladder	1AD6"
"PIK3CA	25	blca_mskcc_solit_2014	bladder	2ENQ"
"FGFR3	22	blca_mskcc_solit_2014	bladder	1RY7"
"EP300	21	blca_mskcc_solit_2014	bladder	1L3E"
"KMT2C	19	blca_mskcc_solit_2014	bladder	2YSM"
"CREBBP	18	blca_mskcc_solit_2014	bladder	1JSP"
"STAG2	18	blca_mskcc_solit_2014	bladder	4PJU"
"FAT1	16	blca_mskcc_solit_2014	bladder	"
"ERBB3	15	blca_mskcc_solit_2014	bladder	1M6B"
"NF1	15	blca_mskcc_solit_2014	bladder	1NF1"
"SETD2	14	blca_mskcc_solit_2014	bladder	2A7O"
"NOTCH1	14	blca_mskcc_solit_2014	bladder	1PB5"
"ERBB2	14	blca_mskcc_solit_2014	bladder	1MFG"
"CDKN1A	14	blca_mskcc_solit_2014	bladder	1AXC"
"KMT2A	13	blca_mskcc_solit_2014	bladder	2AGH"
"ATRX	12	blca_mskcc_solit_2014	bladder	2JM1"
"ATM	10	blca_mskcc_solit_2014	bladder	"
"RICTOR	10	blca_mskcc_solit_2014	bladder	"
"SMARCA4	10	blca_mskcc_solit_2014	bladder	2GRC"
"PBRM1	9	blca_mskcc_solit_2014	bladder	2KTB"
"NOTCH3	8	blca_mskcc_solit_2014	bladder	4ZLP"
"NFKB1	8	blca_mskcc_solit_2014	bladder	1MDI"
"BRCA1	8	blca_mskcc_solit_2014	bladder	1JM7"
"TERT	8	blca_mskcc_solit_2014	bladder	2BCK"
"CDK12	8	blca_mskcc_solit_2014	bladder	4CXA"
"HSP90AA1	7	blca_mskcc_solit_2014	bladder	1BYQ"
"BAP1	7	blca_mskcc_solit_2014	bladder	"
"ETV6	7	blca_mskcc_solit_2014	bladder	1JI7"
"PTEN	7	blca_mskcc_solit_2014	bladder	1D5R"
"WAS	7	blca_mskcc_solit_2014	bladder	1CEE"
"PIK3CG	7	blca_mskcc_solit_2014	bladder	1E8Y"
"TSC1	7	blca_mskcc_solit_2014	bladder	4Z6Y"
"NOTCH4	7	blca_mskcc_solit_2014	bladder	"
"EPHA8	7	blca_mskcc_solit_2014	bladder	1UCV"
"CDKN2A	7	blca_mskcc_solit_2014	bladder	1A5E"
"PTPRD	6	blca_mskcc_solit_2014	bladder	1X5Z"
"ALK	6	blca_mskcc_solit_2014	bladder	2KUP"
"DICER1	6	blca_mskcc_solit_2014	bladder	2EB1"
"PTPRT	6	blca_mskcc_solit_2014	bladder	2OOQ"
"ERBB4	6	blca_mskcc_solit_2014	bladder	2AHX"
"APC	6	blca_mskcc_solit_2014	bladder	1DEB"
"GLI3	6	blca_mskcc_solit_2014	bladder	4BLD"
"WNK1	6	blca_mskcc_solit_2014	bladder	4PWN"
"MTOR	5	blca_mskcc_solit_2014	bladder	1AUE"
"ARID2	5	blca_mskcc_solit_2014	bladder	"
"EPHA2	5	blca_mskcc_solit_2014	bladder	1MQB"
"CDH1	30	blca_plasmacytoid_mskcc_2016	bladder	1O6S"
"TP53	25	blca_plasmacytoid_mskcc_2016	bladder	1A1U"
"TERT	12	blca_plasmacytoid_mskcc_2016	bladder	2BCK"
"RB1	11	blca_plasmacytoid_mskcc_2016	bladder	1AD6"
"CDKN1A	10	blca_plasmacytoid_mskcc_2016	bladder	1AXC"
"ARID1A	9	blca_plasmacytoid_mskcc_2016	bladder	1RYU"
"KMT2D	8	blca_plasmacytoid_mskcc_2016	bladder	3UVK"
"PIK3CA	8	blca_plasmacytoid_mskcc_2016	bladder	2ENQ"
"PIK3R1	8	blca_plasmacytoid_mskcc_2016	bladder	1A0N"
"FAT1	7	blca_plasmacytoid_mskcc_2016	bladder	"
"TET1	6	blca_plasmacytoid_mskcc_2016	bladder	"
"SMARCA4	6	blca_plasmacytoid_mskcc_2016	bladder	2GRC"
"ERBB3	6	blca_plasmacytoid_mskcc_2016	bladder	1M6B"
"KMT2C	6	blca_plasmacytoid_mskcc_2016	bladder	2YSM"
"NF1	5	blca_plasmacytoid_mskcc_2016	bladder	1NF1"
"KEAP1	5	blca_plasmacytoid_mskcc_2016	bladder	1U6D"
"KMT2A	5	blca_plasmacytoid_mskcc_2016	bladder	2AGH"
"ERCC2	5	blca_plasmacytoid_mskcc_2016	bladder	5IVW"
"BAP1	5	blca_plasmacytoid_mskcc_2016	bladder	"
"MTOR	5	blca_plasmacytoid_mskcc_2016	bladder	1AUE"
"ERBB2	5	blca_plasmacytoid_mskcc_2016	bladder	1MFG"
"ATR	5	blca_plasmacytoid_mskcc_2016	bladder	"
"CDKN2A	4	blca_plasmacytoid_mskcc_2016	bladder	1A5E"
"CDK8	4	blca_plasmacytoid_mskcc_2016	bladder	3RGF"
"NOTCH4	4	blca_plasmacytoid_mskcc_2016	bladder	"
"EPHB1	4	blca_plasmacytoid_mskcc_2016	bladder	2DJS"
"MCL1	3	blca_plasmacytoid_mskcc_2016	bladder	2KBW"
"ASXL1	3	blca_plasmacytoid_mskcc_2016	bladder	"
"AR	3	blca_plasmacytoid_mskcc_2016	bladder	1E3G"
"DICER1	3	blca_plasmacytoid_mskcc_2016	bladder	2EB1"
"PBRM1	3	blca_plasmacytoid_mskcc_2016	bladder	2KTB"
"KIT	3	blca_plasmacytoid_mskcc_2016	bladder	1PKG"
"PTPRT	3	blca_plasmacytoid_mskcc_2016	bladder	2OOQ"
"BRCA1	3	blca_plasmacytoid_mskcc_2016	bladder	1JM7"
"YAP1	3	blca_plasmacytoid_mskcc_2016	bladder	1JMQ"
"PALB2	3	blca_plasmacytoid_mskcc_2016	bladder	2W18"
"EP300	3	blca_plasmacytoid_mskcc_2016	bladder	1L3E"
"PTPRD	3	blca_plasmacytoid_mskcc_2016	bladder	1X5Z"
"NOTCH1	3	blca_plasmacytoid_mskcc_2016	bladder	1PB5"
"MPL	3	blca_plasmacytoid_mskcc_2016	bladder	"
"STAG2	3	blca_plasmacytoid_mskcc_2016	bladder	4PJU"
"NTRK2	3	blca_plasmacytoid_mskcc_2016	bladder	1HCF"
"IRS2	3	blca_plasmacytoid_mskcc_2016	bladder	3FQW"
"FAT4	3	blca_plasmacytoid_mskcc_2016	bladder	"
"PTEN	3	blca_plasmacytoid_mskcc_2016	bladder	1D5R"
"IKBKE	3	blca_plasmacytoid_mskcc_2016	bladder	"
"NOTCH2	3	blca_plasmacytoid_mskcc_2016	bladder	2OO4"
"NRAS	3	blca_plasmacytoid_mskcc_2016	bladder	2N9C"
"RAD50	3	blca_plasmacytoid_mskcc_2016	bladder	"
"PIK3C2G	3	blca_plasmacytoid_mskcc_2016	bladder	2WWE"
"TTN	167	blca_tcga	bladder	1BPV"
"MUC16	80	blca_tcga	bladder	"
"TP53	76	blca_tcga	bladder	1A1U"
"KMT2D	45	blca_tcga	bladder	3UVK"
"SPTAN1	43	blca_tcga	bladder	2FOT"
"ARID1A	42	blca_tcga	bladder	1RYU"
"FAT4	40	blca_tcga	bladder	"
"SYNE1	38	blca_tcga	bladder	4DXR"
"FLG	37	blca_tcga	bladder	4PCW"
"KDM6A	34	blca_tcga	bladder	3AVR"
"KMT2C	33	blca_tcga	bladder	2YSM"
"HMCN1	32	blca_tcga	bladder	"
"PDE4DIP	30	blca_tcga	bladder	"
"MACF1	30	blca_tcga	bladder	4Z6G"
"BIRC6	30	blca_tcga	bladder	3CEG"
"AHNAK	30	blca_tcga	bladder	4DRW"
"EP300	29	blca_tcga	bladder	1L3E"
"CSMD3	28	blca_tcga	bladder	"
"PIK3CA	27	blca_tcga	bladder	2ENQ"
"DNAH3	27	blca_tcga	bladder	"
"RYR2	26	blca_tcga	bladder	4JKQ"
"MUC17	26	blca_tcga	bladder	"
"SYNE2	26	blca_tcga	bladder	4DXS"
"DNAH10	24	blca_tcga	bladder	"
"KMT2A	24	blca_tcga	bladder	2AGH"
"GPR98	24	blca_tcga	bladder	"
"DNAH5	24	blca_tcga	bladder	"
"FGFR3	24	blca_tcga	bladder	1RY7"
"VPS13D	24	blca_tcga	bladder	"
"ZFHX4	24	blca_tcga	bladder	"
"PKHD1L1	23	blca_tcga	bladder	"
"PLEC	23	blca_tcga	bladder	1MB8"
"ATM	23	blca_tcga	bladder	"
"LYST	23	blca_tcga	bladder	"
"AHNAK2	23	blca_tcga	bladder	4CN0"
"LRP1B	23	blca_tcga	bladder	"
"UBR4	22	blca_tcga	bladder	"
"CREBBP	21	blca_tcga	bladder	1JSP"
"DNAH11	21	blca_tcga	bladder	"
"SACS	21	blca_tcga	bladder	1IUR"
"KIAA0100	21	blca_tcga	bladder	"
"ABCA13	20	blca_tcga	bladder	"
"RYR3	20	blca_tcga	bladder	4ERV"
"DOT1L	20	blca_tcga	bladder	1NW3"
"ADAMTS12	20	blca_tcga	bladder	"
"TCHH	19	blca_tcga	bladder	"
"CELSR3	19	blca_tcga	bladder	"
"HERC1	19	blca_tcga	bladder	4O2W"
"OBSCN	19	blca_tcga	bladder	1V1C"
"NEB	19	blca_tcga	bladder	1ARK"
"TTN	167	blca_tcga_pub	bladder	1BPV"
"MUC16	80	blca_tcga_pub	bladder	"
"TP53	76	blca_tcga_pub	bladder	1A1U"
"KMT2D	44	blca_tcga_pub	bladder	3UVK"
"SPTAN1	43	blca_tcga_pub	bladder	2FOT"
"ARID1A	41	blca_tcga_pub	bladder	1RYU"
"FLG	40	blca_tcga_pub	bladder	4PCW"
"FAT4	39	blca_tcga_pub	bladder	"
"SYNE1	38	blca_tcga_pub	bladder	4DXR"
"KDM6A	34	blca_tcga_pub	bladder	3AVR"
"KMT2C	34	blca_tcga_pub	bladder	2YSM"
"AHNAK	32	blca_tcga_pub	bladder	4DRW"
"HMCN1	32	blca_tcga_pub	bladder	"
"MACF1	30	blca_tcga_pub	bladder	4Z6G"
"PDE4DIP	30	blca_tcga_pub	bladder	"
"BIRC6	29	blca_tcga_pub	bladder	3CEG"
"NBPF10	28	blca_tcga_pub	bladder	"
"EP300	28	blca_tcga_pub	bladder	1L3E"
"DNAH3	27	blca_tcga_pub	bladder	"
"PIK3CA	27	blca_tcga_pub	bladder	2ENQ"
"CSMD3	27	blca_tcga_pub	bladder	"
"SYNE2	27	blca_tcga_pub	bladder	4DXS"
"RYR2	26	blca_tcga_pub	bladder	4JKQ"
"MUC17	26	blca_tcga_pub	bladder	"
"ZFHX4	25	blca_tcga_pub	bladder	"
"AHNAK2	25	blca_tcga_pub	bladder	4CN0"
"GPR98	24	blca_tcga_pub	bladder	"
"FGFR3	24	blca_tcga_pub	bladder	1RY7"
"DNAH10	24	blca_tcga_pub	bladder	"
"LRP1B	24	blca_tcga_pub	bladder	"
"KMT2A	24	blca_tcga_pub	bladder	2AGH"
"PLEC	23	blca_tcga_pub	bladder	1MB8"
"LYST	23	blca_tcga_pub	bladder	"
"VPS13D	23	blca_tcga_pub	bladder	"
"DNAH5	23	blca_tcga_pub	bladder	"
"ATM	23	blca_tcga_pub	bladder	"
"PKHD1L1	23	blca_tcga_pub	bladder	"
"UBR4	22	blca_tcga_pub	bladder	"
"SACS	22	blca_tcga_pub	bladder	1IUR"
"KIAA0100	22	blca_tcga_pub	bladder	"
"ABCA13	20	blca_tcga_pub	bladder	"
"SRRM2	20	blca_tcga_pub	bladder	"
"CREBBP	20	blca_tcga_pub	bladder	1JSP"
"DNAH11	20	blca_tcga_pub	bladder	"
"DOT1L	20	blca_tcga_pub	bladder	1NW3"
"NEB	19	blca_tcga_pub	bladder	1ARK"
"FAT1	19	blca_tcga_pub	bladder	"
"MYH9	19	blca_tcga_pub	bladder	2LNK"
"OBSCN	19	blca_tcga_pub	bladder	1V1C"
"LAMA3	19	blca_tcga_pub	bladder	"
"TP53	35	brca_bccrc	breast	1A1U"
"TNS3	14	brca_bccrc	breast	"
"ARHGAP5	7	brca_bccrc	breast	2EE4"
"USH2A	7	brca_bccrc	breast	"
"PIK3CA	7	brca_bccrc	breast	2ENQ"
"MYO3A	6	brca_bccrc	breast	"
"PTEN	6	brca_bccrc	breast	1D5R"
"PCDHA10	5	brca_bccrc	breast	"
"ATR	5	brca_bccrc	breast	"
"PPFIBP2	5	brca_bccrc	breast	3QH9"
"SYNE1	4	brca_bccrc	breast	4DXR"
"UBR5	4	brca_bccrc	breast	1I2T"
"RB1	4	brca_bccrc	breast	1AD6"
"UBAP2L	4	brca_bccrc	breast	"
"TTN	4	brca_bccrc	breast	1BPV"
"HECW1	4	brca_bccrc	breast	3L4H"
"LRP2	4	brca_bccrc	breast	2M0P"
"ZNF142	4	brca_bccrc	breast	"
"GPR112	4	brca_bccrc	breast	"
"COL6A3	4	brca_bccrc	breast	1KNT"
"MDN1	4	brca_bccrc	breast	"
"PALLD	3	brca_bccrc	breast	2DM2"
"BRCA2	3	brca_bccrc	breast	1N0W"
"DOCK7	3	brca_bccrc	breast	"
"KIAA0556	3	brca_bccrc	breast	"
"SPHKAP	3	brca_bccrc	breast	"
"MACF1	3	brca_bccrc	breast	4Z6G"
"ERBB2	3	brca_bccrc	breast	1MFG"
"DLG5	3	brca_bccrc	breast	1UIT"
"FLT3	3	brca_bccrc	breast	1RJB"
"FMN2	3	brca_bccrc	breast	2YLE"
"GH1	3	brca_bccrc	breast	1A22"
"SMG5	3	brca_bccrc	breast	2HWY"
"MUC17	3	brca_bccrc	breast	"
"DNAH5	3	brca_bccrc	breast	"
"TSHZ3	3	brca_bccrc	breast	2DMI"
"LAMA2	3	brca_bccrc	breast	4YEP"
"MYH2	3	brca_bccrc	breast	"
"TDO2	3	brca_bccrc	breast	4PW8"
"PKD1L1	3	brca_bccrc	breast	"
"CEP192	3	brca_bccrc	breast	4N7Z"
"FAM208B	3	brca_bccrc	breast	"
"SYNE2	3	brca_bccrc	breast	4DXS"
"XRN1	3	brca_bccrc	breast	"
"HRNR	3	brca_bccrc	breast	"
"RALGAPA1	3	brca_bccrc	breast	"
"APOB	3	brca_bccrc	breast	"
"C11orf30	3	brca_bccrc	breast	"
"CELSR1	3	brca_bccrc	breast	"
"PRKCQ	3	brca_bccrc	breast	1XJD"
"Unknown	1459	brca_bccrc_xenograft_2014	breast	"
"TP53	41	brca_bccrc_xenograft_2014	breast	1A1U"
"LAMA1	35	brca_bccrc_xenograft_2014	breast	"
"SCAMP3	32	brca_bccrc_xenograft_2014	breast	"
"ULK2	31	brca_bccrc_xenograft_2014	breast	"
"NOTCH1	31	brca_bccrc_xenograft_2014	breast	1PB5"
"NRG1	31	brca_bccrc_xenograft_2014	breast	1HAE"
"COL9A1	30	brca_bccrc_xenograft_2014	breast	2UUR"
"WBSCR17	28	brca_bccrc_xenograft_2014	breast	"
"PLEC	27	brca_bccrc_xenograft_2014	breast	1MB8"
"RBFOX1	26	brca_bccrc_xenograft_2014	breast	2ERR"
"KALRN	26	brca_bccrc_xenograft_2014	breast	"
"DST	26	brca_bccrc_xenograft_2014	breast	3GJO"
"CCSER1	25	brca_bccrc_xenograft_2014	breast	"
"FAM178B	25	brca_bccrc_xenograft_2014	breast	"
"UBA7	24	brca_bccrc_xenograft_2014	breast	"
"ABCD4	24	brca_bccrc_xenograft_2014	breast	"
"TTN	24	brca_bccrc_xenograft_2014	breast	1BPV"
"SHOC2	24	brca_bccrc_xenograft_2014	breast	"
"PRG4	23	brca_bccrc_xenograft_2014	breast	"
"TTC7B	22	brca_bccrc_xenograft_2014	breast	5DSE"
"VCPIP1	22	brca_bccrc_xenograft_2014	breast	"
"SDK1	22	brca_bccrc_xenograft_2014	breast	"
"AFF2	22	brca_bccrc_xenograft_2014	breast	"
"FAM47C	22	brca_bccrc_xenograft_2014	breast	"
"WNK1	20	brca_bccrc_xenograft_2014	breast	4PWN"
"ZNF415	20	brca_bccrc_xenograft_2014	breast	"
"TBC1D5	20	brca_bccrc_xenograft_2014	breast	"
"ALS2CR12	20	brca_bccrc_xenograft_2014	breast	"
"MACROD2	20	brca_bccrc_xenograft_2014	breast	4IQY"
"NEDD9	20	brca_bccrc_xenograft_2014	breast	2L81"
"GDPD4	20	brca_bccrc_xenograft_2014	breast	"
"USP34	19	brca_bccrc_xenograft_2014	breast	"
"ARHGEF4	19	brca_bccrc_xenograft_2014	breast	2DX1"
"CCER1	19	brca_bccrc_xenograft_2014	breast	"
"LGALS9	19	brca_bccrc_xenograft_2014	breast	2EAK"
"ARAP2	18	brca_bccrc_xenograft_2014	breast	1X40"
"RTEL1	18	brca_bccrc_xenograft_2014	breast	"
"NLRP5	18	brca_bccrc_xenograft_2014	breast	"
"KCNT2	18	brca_bccrc_xenograft_2014	breast	"
"COG2	17	brca_bccrc_xenograft_2014	breast	"
"HPS3	17	brca_bccrc_xenograft_2014	breast	"
"ESPL1	17	brca_bccrc_xenograft_2014	breast	"
"GPR179	17	brca_bccrc_xenograft_2014	breast	"
"CD36	17	brca_bccrc_xenograft_2014	breast	5LGD"
"AHNAK2	17	brca_bccrc_xenograft_2014	breast	4CN0"
"GYS1	16	brca_bccrc_xenograft_2014	breast	"
"MAGEA1	16	brca_bccrc_xenograft_2014	breast	1W72"
"C2orf78	16	brca_bccrc_xenograft_2014	breast	"
"ARMC12	16	brca_bccrc_xenograft_2014	breast	"
"TP53	31	brca_broad	breast	1A1U"
"PIK3CA	31	brca_broad	breast	2ENQ"
"ZBED4	19	brca_broad	breast	"
"TTN	17	brca_broad	breast	1BPV"
"BZRAP1	11	brca_broad	breast	"
"MUC2	11	brca_broad	breast	"
"MUC16	8	brca_broad	breast	"
"DST	8	brca_broad	breast	3GJO"
"KMT2C	8	brca_broad	breast	2YSM"
"PCGF2	7	brca_broad	breast	"
"DMD	7	brca_broad	breast	1DXX"
"NSD1	7	brca_broad	breast	3OOI"
"CSMD3	7	brca_broad	breast	"
"WEE1	7	brca_broad	breast	1X8B"
"PRDM16	6	brca_broad	breast	2N1I"
"SYNE1	6	brca_broad	breast	4DXR"
"SPEN	6	brca_broad	breast	1OW1"
"AKT1	6	brca_broad	breast	1H10"
"FLG	6	brca_broad	breast	4PCW"
"RYR3	6	brca_broad	breast	4ERV"
"MAP3K1	5	brca_broad	breast	"
"TMEM132D	5	brca_broad	breast	"
"POMK	5	brca_broad	breast	"
"CACNA1E	5	brca_broad	breast	3BXL"
"SI	5	brca_broad	breast	3LPO"
"PLEC	5	brca_broad	breast	1MB8"
"GPR112	5	brca_broad	breast	"
"OBSCN	5	brca_broad	breast	1V1C"
"SCN3A	4	brca_broad	breast	"
"SRRM2	4	brca_broad	breast	"
"KIF26B	4	brca_broad	breast	"
"ATM	4	brca_broad	breast	"
"GATA3	4	brca_broad	breast	4HC7"
"COL11A2	4	brca_br	breast	"
"TET3	4	brca_broad	breast	4Z3C"
"ITPR3	4	brca_broad	breast	"
"CBFB	4	brca_broad	breast	1CL3"
"PRDM14	4	brca_broad	breast	"
"AGRN	4	brca_broad	breast	"
"HUWE1	4	brca_broad	breast	2EKK"
"TRPM3	4	brca_broad	breast	"
"DNAH2	4	brca_broad	breast	"
"ADAMTS7	4	brca_br	breast	"
"COL7A1	4	brca_broad	breast	"
"MDN1	4	brca_broad	breast	"
"HMCN1	4	brca_broad	breast	"
"HLA-A	4	brca_broad	breast	2XPG"
"DNAH8	4	brca_broad	breast	"
"HDLBP	4	brca_broad	breast	1VIG"
"EGFR	4	brca_broad	breast	1DNQ"
"PIK3CA	928	brca_metabric	breast	2ENQ"
"AHNAK2	710	brca_metabric	breast	4CN0"
"TP53	687	brca_metabric	breast	1A1U"
"MUC16	532	brca_metabric	breast	"
"SYNE1	373	brca_metabric	breast	4DXR"
"KMT2C	328	brca_metabric	breast	2YSM"
"MAP3K1	309	brca_metabric	breast	"
"AHNAK	264	brca_metabric	breast	4DRW"
"GATA3	255	brca_metabric	breast	4HC7"
"DNAH11	237	brca_metabric	breast	"
"DNAH2	229	brca_metabric	breast	"
"KMT2D	227	brca_metabric	breast	3UVK"
"HERC2	223	brca_metabric	breast	2KEO"
"RYR2	200	brca_metabric	breast	4JKQ"
"USH2A	197	brca_metabric	breast	"
"CDH1	189	brca_metabric	breast	1O6S"
"DNAH5	188	brca_metabric	breast	"
"NOTCH1	181	brca_metabric	breast	1PB5"
"PDE4DIP	168	brca_metabric	breast	"
"TG	164	brca_metabric	breast	"
"COL6A3	157	brca_metabric	breast	1KNT"
"BIRC6	152	brca_metabric	breast	3CEG"
"NCOR2	150	brca_metabric	breast	1KKQ"
"AKAP9	148	brca_metabric	breast	"
"ARID1A	145	brca_metabric	breast	1RYU"
"UTRN	140	brca_metabric	breast	1BHD"
"TBX3	133	brca_metabric	breast	1H6F"
"LAMA2	133	brca_metabric	breast	4YEP"
"STAB2	120	brca_metabric	breast	"
"COL22A1	114	brca_metabric	breast	"
"COL12A1	113	brca_metabric	breast	"
"SHANK2	110	brca_metabric	breast	"
"THADA	106	brca_metabric	breast	"
"MYH9	105	brca_metabric	breast	2LNK"
"ATR	100	brca_metabric	breast	"
"CBFB	98	brca_metabric	breast	1CL3"
"NCOR1	96	brca_metabric	breast	2EQR"
"ARID1B	94	brca_metabric	breast	2CXY"
"EP300	93	brca_metabric	breast	1L3E"
"NF1	92	brca_metabric	breast	1NF1"
"AKT1	92	brca_metabric	breast	1H10"
"PTPRD	89	brca_metabric	breast	1X5Z"
"PTEN	88	brca_metabric	breast	1D5R"
"LAMB3	86	brca_metabric	breast	"
"RUNX1	85	brca_metabric	breast	1CMO"
"ERBB2	84	brca_metabric	breast	1MFG"
"SETD2	84	brca_metabric	breast	2A7O"
"SETD1A	81	brca_metabric	breast	3S8S"
"ROS1	79	brca_metabric	breast	3ZBF"
"THSD7A	77	brca_metabric	breast	"
"TTN	39	brca_sanger	breast	1BPV"
"PIK3CA	35	brca_sanger	breast	2ENQ"
"TP53	30	brca_sanger	breast	1A1U"
"GATA3	16	brca_sanger	breast	4HC7"
"MUC16	15	brca_sanger	breast	"
"KMT2C	12	brca_sanger	breast	2YSM"
"DST	10	brca_sanger	breast	3GJO"
"SYNE1	9	brca_sanger	breast	4DXR"
"CDH1	9	brca_sanger	breast	1O6S"
"HYDIN	9	brca_sanger	breast	2E6J"
"MAP3K1	9	brca_sanger	breast	"
"MTMR4	9	brca_sanger	breast	"
"FSIP2	8	brca_sanger	breast	"
"DNAH11	8	brca_sanger	breast	"
"RYR3	7	brca_sanger	breast	4ERV"
"AHNAK	7	brca_sanger	breast	4DRW"
"STAB2	7	brca_sanger	breast	"
"NCOR1	7	brca_sanger	breast	2EQR"
"BIRC6	7	brca_sanger	breast	3CEG"
"DNAH3	7	brca_sanger	breast	"
"VPS13C	6	brca_sanger	breast	"
"LRRC7	6	brca_sanger	breast	"
"MYH2	6	brca_sanger	breast	"
"PKHD1L1	6	brca_sanger	breast	"
"GPR112	6	brca_sanger	breast	"
"EFCAB5	6	brca_sanger	breast	"
"DIDO1	6	brca_sanger	breast	2M3H"
"PCLO	6	brca_sanger	breast	1UJD"
"DNAH8	6	brca_sanger	breast	"
"HEATR1	5	brca_sanger	breast	"
"TG	5	brca_sanger	breast	"
"ABCA13	5	brca_sanger	breast	"
"FAM135B	5	brca_sanger	breast	"
"MTHFR	5	brca_sanger	breast	"
"USP32	5	brca_sanger	breast	"
"CSMD1	5	brca_sanger	breast	2EHF"
"SYCP2	5	brca_sanger	breast	"
"HUWE1	5	brca_sanger	breast	2EKK"
"DNAH6	5	brca_sanger	breast	"
"SNAP91	5	brca_sanger	breast	"
"MAP2K4	5	brca_sanger	breast	3ALN"
"ANKRD30A	5	brca_sanger	breast	"
"SYNE2	5	brca_sanger	breast	4DXS"
"HERC1	5	brca_sanger	breast	4O2W"
"NBAS	5	brca_sanger	breast	"
"GPR98	5	brca_sanger	breast	"
"AKT1	5	brca_sanger	breast	1H10"
"TMEM132B	5	brca_sanger	breast	"
"DNAH2	5	brca_sanger	breast	"
"PRRC2B	5	brca_sanger	breast	"
"PIK3CA	379	brca_tcga	breast	2ENQ"
"TTN	356	brca_tcga	breast	1BPV"
"TP53	324	brca_tcga	breast	1A1U"
"MUC16	151	brca_tcga	breast	"
"CDH1	121	brca_tcga	breast	1O6S"
"GATA3	105	brca_tcga	breast	4HC7"
"MAP3K1	104	brca_tcga	breast	"
"MUC12	101	brca_tcga	breast	"
"KMT2C	92	brca_tcga	breast	2YSM"
"MUC4	91	brca_tcga	breast	"
"RYR2	76	brca_tcga	breast	4JKQ"
"SYNE1	74	brca_tcga	breast	4DXR"
"DST	68	brca_tcga	breast	3GJO"
"FLG	67	brca_tcga	breast	4PCW"
"HMCN1	66	brca_tcga	breast	"
"DMD	64	brca_tcga	breast	1DXX"
"RYR3	63	brca_tcga	breast	4ERV"
"FCGBP	63	brca_tcga	breast	"
"OBSCN	61	brca_tcga	breast	1V1C"
"MUC5B	60	brca_tcga	breast	"
"USH2A	59	brca_tcga	breast	"
"SYNE2	59	brca_tcga	breast	4DXS"
"SPEN	58	brca_tcga	breast	1OW1"
"AHNAK	54	brca_tcga	breast	4DRW"
"NEB	53	brca_tcga	breast	1ARK"
"HRNR	52	brca_tcga	breast	"
"MUC17	51	brca_tcga	breast	"
"CROCCP2	51	brca_tcga	breast	"
"XIRP2	51	brca_tcga	breast	4F14"
"AHNAK2	49	brca_tcga	breast	4CN0"
"ABCA13	47	brca_tcga	breast	"
"UBR4	47	brca_tcga	breast	"
"RYR1	47	brca_tcga	breast	"
"SPTA1	47	brca_tcga	breast	1OWA"
"APOB	47	brca_tcga	breast	"
"CSMD1	46	brca_tcga	breast	2EHF"
"FAT3	46	brca_tcga	breast	"
"HUWE1	46	brca_tcga	breast	2EKK"
"MXRA5	45	brca_tcga	breast	"
"LRP2	45	brca_tcga	breast	2M0P"
"MDN1	45	brca_tcga	breast	"
"ZFHX4	45	brca_tcga	breast	"
"HYDIN	44	brca_tcga	breast	2E6J"
"PCLO	44	brca_tcga	breast	1UJD"
"CMYA5	44	brca_tcga	breast	"
"NCOR1	44	brca_tcga	breast	2EQR"
"MACF1	43	brca_tcga	breast	4Z6G"
"GPR112	42	brca_tcga	breast	"
"GPR98	41	brca_tcga	breast	"
"RNF213	41	brca_tcga	breast	"
"PIK3CA	320	brca_tcga_pub2015	breast	2ENQ"
"TP53	291	brca_tcga_pub2015	breast	1A1U"
"TTN	238	brca_tcga_pub2015	breast	1BPV"
"MUC16	121	brca_tcga_pub2015	breast	"
"GATA3	108	brca_tcga_pub2015	breast	4HC7"
"CDH1	108	brca_tcga_pub2015	breast	1O6S"
"MAP3K1	104	brca_tcga_pub2015	breast	"
"MUC4	83	brca_tcga_pub2015	breast	"
"KMT2C	76	brca_tcga_pub2015	breast	2YSM"
"MUC12	68	brca_tcga_pub2015	breast	"
"SYNE1	60	brca_tcga_pub2015	breast	4DXR"
"FLG	58	brca_tcga_pub2015	breast	4PCW"
"RYR2	56	brca_tcga_pub2015	breast	4JKQ"
"SPEN	54	brca_tcga_pub2015	breast	1OW1"
"OBSCN	53	brca_tcga_pub2015	breast	1V1C"
"RYR3	53	brca_tcga_pub2015	breast	4ERV"
"USH2A	51	brca_tcga_pub2015	breast	"
"MUC5B	49	brca_tcga_pub2015	breast	"
"HMCN1	48	brca_tcga_pub2015	breast	"
"NEB	48	brca_tcga_pub2015	breast	1ARK"
"DMD	47	brca_tcga_pub2015	breast	1DXX"
"NCOA3	45	brca_tcga_pub2015	breast	1KBH"
"PTEN	45	brca_tcga_pub2015	breast	1D5R"
"ABCA13	43	brca_tcga_pub2015	breast	"
"AHNAK2	42	brca_tcga_pub2015	breast	4CN0"
"NCOR1	42	brca_tcga_pub2015	breast	2EQR"
"TBP	42	brca_tcga_pub2015	breast	1C9B"
"SYNE2	42	brca_tcga_pub2015	breast	4DXS"
"ZFHX4	41	brca_tcga_pub2015	breast	"
"FCGBP	40	brca_tcga_pub2015	breast	"
"FAT3	40	brca_tcga_pub2015	breast	"
"MDN1	39	brca_tcga_pub2015	breast	"
"MUC17	39	brca_tcga_pub2015	breast	"
"RNF213	38	brca_tcga_pub2015	breast	"
"APOB	38	brca_tcga_pub2015	breast	"
"LRP2	38	brca_tcga_pub2015	breast	2M0P"
"SPTA1	38	brca_tcga_pub2015	breast	1OWA"
"RUNX1	37	brca_tcga_pub2015	breast	1CMO"
"ARID1A	37	brca_tcga_pub2015	breast	1RYU"
"XIRP2	37	brca_tcga_pub2015	breast	4F14"
"HUWE1	37	brca_tcga_pub2015	breast	2EKK"
"KMT2D	35	brca_tcga_pub2015	breast	3UVK"
"RYR1	35	brca_tcga_pub2015	breast	"
"HYDIN	35	brca_tcga_pub2015	breast	2E6J"
"HRNR	34	brca_tcga_pub2015	breast	"
"FOXA1	34	brca_tcga_pub2015	breast	"
"ZNF384	34	brca_tcga_pub2015	breast	"
"LRP1	34	brca_tcga_pub2015	breast	1CR8"
"CSMD2	33	brca_tcga_pub2015	breast	"
"CHD4	33	brca_tcga_pub2015	breast	1MM2"
"PIK3CA	208	brca_tcga_pub	breast	2ENQ"
"TP53	198	brca_tcga_pub	breast	1A1U"
"TTN	116	brca_tcga_pub	breast	1BPV"
"MAP3K1	67	brca_tcga_pub	breast	"
"Unknown	66	brca_tcga_pub	breast	"
"MUC16	62	brca_tcga_pub	breast	"
"GATA3	60	brca_tcga_pub	breast	4HC7"
"KMT2C	41	brca_tcga_pub	breast	2YSM"
"RYR2	37	brca_tcga_pub	breast	4JKQ"
"CROCCP2	36	brca_tcga_pub	breast	"
"USH2A	34	brca_tcga_pub	breast	"
"CDH1	34	brca_tcga_pub	breast	1O6S"
"OBSCN	33	brca_tcga_pub	breast	1V1C"
"MUC4	33	brca_tcga_pub	breast	"
"FLG	30	brca_tcga_pub	breast	4PCW"
"CSMD1	29	brca_tcga_pub	breast	2EHF"
"BRCA2	25	brca_tcga_pub	breast	1N0W"
"SPEN	24	brca_tcga_pub	breast	1OW1"
"RYR3	24	brca_tcga_pub	breast	4ERV"
"SYNE1	24	brca_tcga_pub	breast	4DXR"
"MUC5B	23	brca_tcga_pub	breast	"
"MUC17	23	brca_tcga_pub	breast	"
"MAP2K4	22	brca_tcga_pub	breast	3ALN"
"ATM	22	brca_tcga_pub	breast	"
"FAT3	22	brca_tcga_pub	breast	"
"SSPO	22	brca_tcga_pub	breast	"
"SYNE2	22	brca_tcga_pub	breast	4DXS"
"AHNAK2	21	brca_tcga_pub	breast	4CN0"
"LRP2	21	brca_tcga_pub	breast	2M0P"
"BRCA1	21	brca_tcga_pub	breast	1JM7"
"HMCN1	21	brca_tcga_pub	breast	"
"APOB	20	brca_tcga_pub	breast	"
"ZFHX4	20	brca_tcga_pub	breast	"
"RP11-32B5.7	19	brca_tcga_pub	breast	"
"RUNX1	19	brca_tcga_pub	breast	1CMO"
"PTEN	19	brca_tcga_pub	breast	1D5R"
"DMD	19	brca_tcga_pub	breast	1DXX"
"NCOR1	19	brca_tcga_pub	breast	2EQR"
"NEB	19	brca_tcga_pub	breast	1ARK"
"SPTA1	19	brca_tcga_pub	breast	1OWA"
"MUC2	18	brca_tcga_pub	breast	"
"UBR4	18	brca_tcga_pub	breast	"
"PLEC	18	brca_tcga_pub	breast	1MB8"
"HYDIN	18	brca_tcga_pub	breast	2E6J"
"RELN	17	brca_tcga_pub	breast	"
"XIRP2	17	brca_tcga_pub	breast	4F14"
"RYR1	17	brca_tcga_pub	breast	"
"SPI1	17	brca_tcga_pub	breast	"
"TENM1	16	brca_tcga_pub	breast	"
"NF1	16	brca_tcga_pub	breast	1NF1"
"TTN	99	lihc_amc_prv	liver	1BPV"
"TP53	75	lihc_amc_prv	liver	1A1U"
"MUC16	69	lihc_amc_prv	liver	"
"CTNNB1	56	lihc_amc_prv	liver	1G3J"
"PCLO	39	lihc_amc_prv	liver	1UJD"
"GPR98	35	lihc_amc_prv	liver	"
"HMCN1	35	lihc_amc_prv	liver	"
"MUC4	32	lihc_amc_prv	liver	"
"RYR2	31	lihc_amc_prv	liver	4JKQ"
"DST	29	lihc_amc_prv	liver	3GJO"
"OBSCN	29	lihc_amc_prv	liver	1V1C"
"DNAH5	27	lihc_amc_prv	liver	"
"HYDIN	27	lihc_amc_prv	liver	2E6J"
"APOB	25	lihc_amc_prv	liver	"
"LRP1B	25	lihc_amc_prv	liver	"
"SYNE1	25	lihc_amc_prv	liver	4DXR"
"XIRP2	24	lihc_amc_prv	liver	4F14"
"ZNF208	24	lihc_amc_prv	liver	"
"FLG	24	lihc_amc_prv	liver	4PCW"
"FBN2	23	lihc_amc_prv	liver	"
"PRUNE2	22	lihc_amc_prv	liver	"
"VCAN	21	lihc_amc_prv	liver	"
"CSMD3	21	lihc_amc_prv	liver	"
"RYR3	21	lihc_amc_prv	liver	4ERV"
"MDN1	20	lihc_amc_prv	liver	"
"AHNAK2	19	lihc_amc_prv	liver	4CN0"
"RYR1	19	lihc_amc_prv	liver	"
"KIAA1109	18	lihc_amc_prv	liver	"
"ABCA13	18	lihc_amc_prv	liver	"
"DNAH7	18	lihc_amc_prv	liver	"
"FSIP2	18	lihc_amc_prv	liver	"
"UBR4	18	lihc_amc_prv	liver	"
"PXDN	17	lihc_amc_prv	liver	"
"NEB	17	lihc_amc_prv	liver	1ARK"
"PKHD1L1	17	lihc_amc_prv	liver	"
"COL6A6	17	lihc_amc_prv	liver	"
"C17orf97	17	lihc_amc_prv	liver	"
"MUC12	17	lihc_amc_prv	liver	"
"COL7A1	17	lihc_amc_prv	liver	"
"DCHS2	16	lihc_amc_prv	liver	"
"FLG2	16	lihc_amc_prv	liver	"
"MACF1	16	lihc_amc_prv	liver	4Z6G"
"SYNE2	16	lihc_amc_prv	liver	4DXS"
"DNAH8	16	lihc_amc_prv	liver	"
"HERC2	16	lihc_amc_prv	liver	2KEO"
"DNAH9	16	lihc_amc_prv	liver	"
"SACS	16	lihc_amc_prv	liver	1IUR"
"CENPF	15	lihc_amc_prv	liver	"
"IFITM3	15	lihc_amc_prv	liver	"
"CIT	15	lihc_amc_prv	liver	"
"TP53	14	lihc_rik	liver	1A1U"
"ATM	5	lihc_rik	liver	"
"IGSF10	3	lihc_rik	liver	"
"BAZ2B	3	lihc_rik	liver	2E7O"
"CTNNB1	3	lihc_rik	liver	1G3J"
"WWP1	3	lihc_rik	liver	1ND7"
"ZIC3	3	lihc_rik	liver	2EJ4"
"OTOP1	3	lihc_rik	liver	"
"ARID1A	3	lihc_rik	liver	1RYU"
"ERRFI1	3	lihc_rik	liver	2RF9"
"ALB	3	lihc_rik	liver	1AO6"
"USP25	3	lihc_rik	liver	2MUX"
"GXYLT1	3	lihc_rik	liver	"
"UBR3	1	lihc_rik	liver	"
"TTN	192	lihc_tcga	liver	1BPV"
"TP53	14	lihc_riken	liver	1A1U"
"ATM	5	lihc_riken	liver	"
"IGSF10	3	lihc_riken	liver	"
"BAZ2B	3	lihc_riken	liver	2E7O"
"CTNNB1	3	lihc_riken	liver	1G3J"
"WWP1	3	lihc_riken	liver	1ND7"
"ZIC3	3	lihc_riken	liver	2EJ4"
"OTOP1	3	lihc_riken	liver	"
"ARID1A	3	lihc_riken	liver	1RYU"
"ERRFI1	3	lihc_riken	liver	2RF9"
"ALB	3	lihc_riken	liver	1AO6"
"USP25	3	lihc_riken	liver	2MUX"
"GXYLT1	3	lihc_riken	liver	"
"UBR3	1	lihc_riken	liver	"
"TTN	192	lihc_tcg	liver	1BPV"
"TP53	120	lihc_tcga	liver	1A1U"
"CTNNB1	107	lihc_tcga	liver	1G3J"
"MUC16	93	lihc_tcga	liver	"
"OBSCN	57	lihc_tcga	liver	1V1C"
"PCLO	55	lihc_tcga	liver	1UJD"
"ALB	55	lihc_tcga	liver	1AO6"
"RYR2	54	lihc_tcga	liver	4JKQ"
"ND5	54	lihc_tcga	liver	"
"CSMD3	52	lihc_tcga	liver	"
"APOB	48	lihc_tcga	liver	"
"HMCN1	45	lihc_tcga	liver	"
"ABCA13	43	lihc_tcga	liver	"
"XIRP2	42	lihc_tcga	liver	4F14"
"LRP1B	41	lihc_tcga	liver	"
"CACNA1E	39	lihc_tcga	liver	3BXL"
"MUC4	39	lihc_tcga	liver	"
"CSMD1	39	lihc_tcga	liver	2EHF"
"RYR1	38	lihc_tcga	liver	"
"FLG	37	lihc_tcga	liver	4PCW"
"USH2A	37	lihc_tcga	liver	"
"ALMS1	37	lihc_tcga	liver	"
"SYNE1	37	lihc_tcga	liver	4DXR"
"NBEA	36	lihc_tcga	liver	1MI1"
"FRAS1	36	lihc_tcga	liver	"
"ARID1A	36	lihc_tcga	liver	1RYU"
"SPTA1	35	lihc_tcga	liver	1OWA"
"DNAH7	34	lihc_tcga	liver	"
"DNAH6	34	lihc_tcga	liver	"
"AHNAK2	34	lihc_tcga	liver	4CN0"
"FAT3	33	lihc_tcga	liver	"
"EYS	33	lihc_tcga	liver	"
"SYNE2	32	lihc_tcga	liver	4DXS"
"GPR98	32	lihc_tcga	liver	"
"MUC2	32	lihc_tcga	liver	"
"DST	31	lihc_tcga	liver	3GJO"
"COL11A1	31	lihc_tcga	liver	"
"DCHS2	31	lihc_tcga	liver	"
"MUC17	30	lihc_tcga	liver	"
"DNAH9	29	lihc_tcga	liver	"
"FBN2	29	lihc_tcga	liver	"
"FASN	28	lihc_tcga	liver	1XKT"
"RYR3	28	lihc_tcga	liver	4ERV"
"DYNC2H1	28	lihc_tcga	liver	4RH7"
"FREM2	28	lihc_tcga	liver	"
"BIRC6	28	lihc_tcga	liver	3CEG"
"DNAH5	28	lihc_tcga	liver	"
"ZFHX4	28	lihc_tcga	liver	"
"MDN1	27	lihc_tcga	liver	"
"KMT2D	27	lihc_tcg	liver	3UVK"
"KMT2D	27	lihc_tcga	liver	3UVK"
"KRAS	97	paad_icgc	pancreatic	1D8D"
"TP53	33	paad_icgc	pancreatic	1A1U"
"SMAD4	16	paad_icgc	pancreatic	1DD1"
"TTN	15	paad_icgc	pancreatic	1BPV"
"NEB	7	paad_icgc	pancreatic	1ARK"
"PEG3	7	paad_icgc	pancreatic	4BHX"
"KMT2C	7	paad_icgc	pancreatic	2YSM"
"CSMD1	6	paad_icgc	pancreatic	2EHF"
"FLG	5	paad_icgc	pancreatic	4PCW"
"XIRP2	5	paad_icgc	pancreatic	4F14"
"MUC16	5	paad_icgc	pancreatic	"
"NALCN	5	paad_icgc	pancreatic	"
"RYR3	5	paad_icgc	pancreatic	4ERV"
"ATM	5	paad_icgc	pancreatic	"
"HMCN1	5	paad_icgc	pancreatic	"
"RYR2	5	paad_icgc	pancreatic	4JKQ"
"DNAH5	4	paad_icgc	pancreatic	"
"SF3B1	4	paad_icgc	pancreatic	2F9D"
"MT-CO2	4	paad_icgc	pancreatic	3VRJ"
"PXDN	4	paad_icgc	pancreatic	"
"PCDH15	4	paad_icgc	pancreatic	4XHZ"
"ARID1A	4	paad_icgc	pancreatic	1RYU"
"TGFBR2	4	paad_icgc	pancreatic	1KTZ"
"DMD	4	paad_icgc	pancreatic	1DXX"
"TTI1	3	paad_icgc	pancreatic	"
"PCDHB6	3	paad_icgc	pancreatic	"
"NBAS	3	paad_icgc	pancreatic	"
"MYO9A	3	paad_icgc	pancreatic	"
"OR2M5	3	paad_icgc	pancreatic	"
"VCAN	3	paad_icgc	pancreatic	"
"ALMS1	3	paad_icgc	pancreatic	"
"MAP1B	3	paad_icgc	pancreatic	"
"ABCA12	3	paad_icgc	pancreatic	"
"ADAMTS20	3	paad_icgc	pancreatic	"
"EPC1	3	paad_icgc	pancreatic	"
"LRP1B	3	paad_icgc	pancreatic	"
"TOP2A	3	paad_icgc	pancreatic	1LWZ"
"GRIA1	3	paad_icgc	pancreatic	"
"PRKDC	3	paad_icgc	pancreatic	"
"SYNE1	3	paad_icgc	pancreatic	4DXR"
"CDH4	3	paad_icgc	pancreatic	"
"SLIT2	3	paad_icgc	pancreatic	2V70"
"ITIH6	3	paad_icgc	pancreatic	"
"TEX15	3	paad_icgc	pancreatic	"
"AFF2	3	paad_icgc	pancreatic	"
"ARID2	3	paad_icgc	pancreatic	"
"MAP2K4	3	paad_icgc	pancreatic	3ALN"
"MAGEA6	3	paad_icgc	pancreatic	"
"FAT3	3	paad_icgc	pancreatic	"
"SUV420H1	3	paad_icgc	pancreatic	"
"KRAS	348	paad_qcmg_uq_2016	pancreatic	1D8D"
"TP53	258	paad_qcmg_uq_2016	pancreatic	1A1U"
"TTN	91	paad_qcmg_uq_2016	pancreatic	1BPV"
"SMAD4	89	paad_qcmg_uq_2016	pancreatic	1DD1"
"CDKN2A	77	paad_qcmg_uq_2016	pancreatic	1A5E"
"MT-ND5	47	paad_qcmg_uq_2016	pancreatic	"
"SYNE1	36	paad_qcmg_uq_2016	pancreatic	4DXR"
"MT-CYB	34	paad_qcmg_uq_2016	pancreatic	"
"GLI3	33	paad_qcmg_uq_2016	pancreatic	4BLD"
"ARID1A	32	paad_qcmg_uq_2016	pancreatic	1RYU"
"MUC16	31	paad_qcmg_uq_2016	pancreatic	"
"KMT2C	29	paad_qcmg_uq_2016	pancreatic	2YSM"
"RYR1	29	paad_qcmg_uq_2016	pancreatic	"
"OBSCN	29	paad_qcmg_uq_2016	pancreatic	1V1C"
"MT-ND4	28	paad_qcmg_uq_2016	pancreatic	"
"HMCN1	28	paad_qcmg_uq_2016	pancreatic	"
"RYR2	26	paad_qcmg_uq_2016	pancreatic	4JKQ"
"FLG	25	paad_qcmg_uq_2016	pancreatic	4PCW"
"LRP1B	25	paad_qcmg_uq_2016	pancreatic	"
"KMT2D	25	paad_qcmg_uq_2016	pancreatic	3UVK"
"FAT3	25	paad_qcmg_uq_2016	pancreatic	"
"MT-CO1	25	paad_qcmg_uq_2016	pancreatic	"
"RYR3	23	paad_qcmg_uq_2016	pancreatic	4ERV"
"MUC4	22	paad_qcmg_uq_2016	pancreatic	"
"RNF43	22	paad_qcmg_uq_2016	pancreatic	4KNG"
"DNAH11	22	paad_qcmg_uq_2016	pancreatic	"
"TENM3	21	paad_qcmg_uq_2016	pancreatic	"
"CSMD1	20	paad_qcmg_uq_2016	pancreatic	2EHF"
"WDFY4	20	paad_qcmg_uq_2016	pancreatic	"
"CSMD3	19	paad_qcmg_uq_2016	pancreatic	"
"MT-ND1	18	paad_qcmg_uq_2016	pancreatic	"
"MT-CO2	18	paad_qcmg_uq_2016	pancreatic	3VRJ"
"TGFBR2	18	paad_qcmg_uq_2016	pancreatic	1KTZ"
"PXDN	18	paad_qcmg_uq_2016	pancreatic	"
"MT-CO3	18	paad_qcmg_uq_2016	pancreatic	"
"FAT4	17	paad_qcmg_uq_2016	pancreatic	"
"LRP2	17	paad_qcmg_uq_2016	pancreatic	2M0P"
"GPR98	17	paad_qcmg_uq_2016	pancreatic	"
"ATM	17	paad_qcmg_uq_2016	pancreatic	"
"THSD7B	17	paad_qcmg_uq_2016	pancreatic	"
"NEB	17	paad_qcmg_uq_2016	pancreatic	1ARK"
"MT-ND2	16	paad_qcmg_uq_2016	pancreatic	"
"CACNA1H	16	paad_qcmg_uq_2016	pancreatic	"
"GNAS	15	paad_qcmg_uq_2016	pancreatic	5G53"
"BAI3	15	paad_qcmg_uq_2016	pancreatic	"
"DNAH5	15	paad_qcmg_uq_2016	pancreatic	"
"ZNF536	15	paad_qcmg_uq_2016	pancreatic	"
"FSIP2	15	paad_qcmg_uq_2016	pancreatic	"
"TENM4	14	paad_qcmg_uq_2016	pancreatic	"
"PLEC	14	paad_qcmg_uq_2016	pancreatic	1MB8"
"KRAS	142	paad_tcga	pancreatic	1D8D"
"TTN	123	paad_tcga	pancreatic	1BPV"
"TP53	105	paad_tcga	pancreatic	1A1U"
"MUC16	57	paad_tcga	pancreatic	"
"SMAD4	38	paad_tcga	pancreatic	1DD1"
"LRP1B	33	paad_tcga	pancreatic	"
"SYNE1	32	paad_tcga	pancreatic	4DXR"
"OBSCN	30	paad_tcga	pancreatic	1V1C"
"PLEC	28	paad_tcga	pancreatic	1MB8"
"USH2A	28	paad_tcga	pancreatic	"
"RYR3	28	paad_tcga	pancreatic	4ERV"
"RYR1	26	paad_tcga	pancreatic	"
"HMCN1	25	paad_tcga	pancreatic	"
"FAT4	24	paad_tcga	pancreatic	"
"DST	23	paad_tcga	pancreatic	3GJO"
"CDKN2A	22	paad_tcga	pancreatic	1A5E"
"FAT2	22	paad_tcga	pancreatic	"
"AHNAK	22	paad_tcga	pancreatic	4DRW"
"MACF1	22	paad_tcga	pancreatic	4Z6G"
"MUC5B	22	paad_tcga	pancreatic	"
"CSMD3	21	paad_tcga	pancreatic	"
"NEB	21	paad_tcga	pancreatic	1ARK"
"FCGBP	20	paad_tcga	pancreatic	"
"ASPM	20	paad_tcga	pancreatic	"
"SPTA1	20	paad_tcga	pancreatic	1OWA"
"SYNE2	20	paad_tcga	pancreatic	4DXS"
"FAT3	19	paad_tcga	pancreatic	"
"RELN	19	paad_tcga	pancreatic	"
"HERC2	19	paad_tcga	pancreatic	2KEO"
"DIDO1	19	paad_tcga	pancreatic	2M3H"
"PKD1	18	paad_tcga	pancreatic	1B4R"
"ANKRD11	18	paad_tcga	pancreatic	"
"FREM2	18	paad_tcga	pancreatic	"
"MYO15A	18	paad_tcga	pancreatic	"
"SCN5A	18	paad_tcga	pancreatic	2KBI"
"LRP1	18	paad_tcga	pancreatic	1CR8"
"CUBN	17	paad_tcga	pancreatic	3KQ4"
"PCDH15	17	paad_tcga	pancreatic	4XHZ"
"FLG	17	paad_tcga	pancreatic	4PCW"
"PRUNE2	17	paad_tcga	pancreatic	"
"COL5A1	17	paad_tcga	pancreatic	1A89"
"SSPO	17	paad_tcga	pancreatic	"
"DNAH1	17	paad_tcga	pancreatic	"
"APOB	16	paad_tcga	pancreatic	"
"TRRAP	16	paad_tcga	pancreatic	"
"MKI67	16	paad_tcga	pancreatic	1R21"
"ZFHX3	16	paad_tcga	pancreatic	2DA1"
"DNAH10	16	paad_tcga	pancreatic	"
"DNAH9	16	paad_tcga	pancreatic	"
"DSCAM	16	paad_tcga	pancreatic	"
"KRAS	103	paad_utsw_2015	pancreatic	1D8D"
"TP53	55	paad_utsw_2015	pancreatic	1A1U"
"SMAD4	22	paad_utsw_2015	pancreatic	1DD1"
"TTN	22	paad_utsw_2015	pancreatic	1BPV"
"ZNF814	20	paad_utsw_2015	pancreatic	"
"MUC16	20	paad_utsw_2015	pancreatic	"
"MUC2	18	paad_utsw_2015	pancreatic	"
"FLG	16	paad_utsw_2015	pancreatic	4PCW"
"MUC5B	11	paad_utsw_2015	pancreatic	"
"RP11-407N17.3	11	paad_utsw_2015	pancreatic	"
"TUBBP5	11	paad_utsw_2015	pancreatic	"
"PCMTD1	10	paad_utsw_2015	pancreatic	"
"TMPRSS13	10	paad_utsw_2015	pancreatic	"
"NBPF9	10	paad_utsw_2015	pancreatic	"
"MST1L	9	paad_utsw_2015	pancreatic	"
"OBSCN	9	paad_utsw_2015	pancreatic	1V1C"
"C10orf113	8	paad_utsw_2015	pancreatic	"
"RBMXL3	8	paad_utsw_2015	pancreatic	"
"NF1	8	paad_utsw_2015	pancreatic	1NF1"
"HERC2	8	paad_utsw_2015	pancreatic	2KEO"
"ZAN	8	paad_utsw_2015	pancreatic	"
"ATXN1	8	paad_utsw_2015	pancreatic	1OA8"
"COL18A1	8	paad_utsw_2015	pancreatic	1BNL"
"MAGEC1	8	paad_utsw_2015	pancreatic	"
"KRT4	8	paad_utsw_2015	pancreatic	"
"PRB4	8	paad_utsw_2015	pancreatic	"
"CDK2AP2P2	8	paad_utsw_2015	pancreatic	"
"ARID1A	8	paad_utsw_2015	pancreatic	1RYU"
"COL14A1	7	paad_utsw_2015	pancreatic	"
"FAT3	7	paad_utsw_2015	pancreatic	"
"MUC4	7	paad_utsw_2015	pancreatic	"
"CDKN2A	7	paad_utsw_2015	pancreatic	1A5E"
"MUC17	7	paad_utsw_2015	pancreatic	"
"DGKB	7	paad_utsw_2015	pancreatic	"
"KMT2C	7	paad_utsw_2015	pancreatic	2YSM"
"SLC35G6	7	paad_utsw_2015	pancreatic	"
"LOXHD1	7	paad_utsw_2015	pancreatic	"
"AHNAK2	7	paad_utsw_2015	pancreatic	4CN0"
"FRG1B	7	paad_utsw_2015	pancreatic	"
"CSMD1	7	paad_utsw_2015	pancreatic	2EHF"
"NLRP1	7	paad_utsw_2015	pancreatic	1PN5"
"FOLH1	7	paad_utsw_2015	pancreatic	1Z8L"
"PRAMEF4	7	paad_utsw_2015	pancreatic	"
"DNAH14	6	paad_utsw_2015	pancreatic	"
"FCGBP	6	paad_utsw_2015	pancreatic	"
"DNAH7	6	paad_utsw_2015	pancreatic	"
"DNAH3	6	paad_utsw_2015	pancreatic	"
"RGPD3	6	paad_utsw_2015	pancreatic	"
"KRTAP10-7	6	paad_utsw_2015	pancreatic	"
"HDGFRP2	6	paad_utsw_2015	pancreatic	3EAE"
"Unknown	4531	skcm_broad	skin	"
"TTN	1034	skcm_broad	skin	1BPV"
"MUC16	643	skcm_broad	skin	"
"DNAH5	408	skcm_broad	skin	"
"LRP1B	304	skcm_broad	skin	"
"MGAM	296	skcm_broad	skin	2QLY"
"CSMD1	250	skcm_broad	skin	2EHF"
"CSMD2	242	skcm_broad	skin	"
"ANK3	207	skcm_broad	skin	4O6X"
"PCLO	207	skcm_broad	skin	1UJD"
"PTPRT	204	skcm_broad	skin	2OOQ"
"DNAH7	199	skcm_broad	skin	"
"PKHD1L1	199	skcm_broad	skin	"
"HYDIN	197	skcm_broad	skin	2E6J"
"TPTE	195	skcm_broad	skin	"
"PREX2	188	skcm_broad	skin	"
"DNAH8	188	skcm_broad	skin	"
"BAGE2	180	skcm_broad	skin	"
"DMBT1	175	skcm_broad	skin	"
"STAB2	174	skcm_broad	skin	"
"GPR98	173	skcm_broad	skin	"
"SPTA1	172	skcm_broad	skin	1OWA"
"MROH2B	171	skcm_broad	skin	"
"CSMD3	167	skcm_broad	skin	"
"USH2A	166	skcm_broad	skin	"
"DNAH9	166	skcm_broad	skin	"
"RYR1	164	skcm_broad	skin	"
"NEB	164	skcm_broad	skin	1ARK"
"SCN10A	161	skcm_broad	skin	"
"SYNE1	159	skcm_broad	skin	4DXR"
"CACNA1E	155	skcm_broad	skin	3BXL"
"DOCK3	151	skcm_broad	skin	"
"CACNA2D3	149	skcm_broad	skin	"
"OBSCN	145	skcm_broad	skin	1V1C"
"PCSK5	142	skcm_broad	skin	"
"DCC	139	skcm_broad	skin	2ED7"
"PCDH15	138	skcm_broad	skin	4XHZ"
"APOB	136	skcm_broad	skin	"
"COL5A1	136	skcm_broad	skin	1A89"
"MYH2	135	skcm_broad	skin	"
"DNAH3	132	skcm_broad	skin	"
"UNC79	132	skcm_broad	skin	"
"THSD7B	131	skcm_broad	skin	"
"ANKRD30A	130	skcm_broad	skin	"
"RP11-492D6.3	128	skcm_broad	skin	"
"PAPPA2	126	skcm_broad	skin	"
"MYH1	126	skcm_broad	skin	"
"CNTNAP2	125	skcm_broad	skin	"
"PDE4DIP	123	skcm_broad	skin	"
"RYR2	122	skcm_broad	skin	4JKQ"
"DNAH5	97	skcm_yale	skin	"
"TTN	67	skcm_yale	skin	1BPV"
"LRP1B	64	skcm_yale	skin	"
"DNAH8	49	skcm_yale	skin	"
"BRAF	45	skcm_yale	skin	1UWH"
"ANK3	42	skcm_yale	skin	4O6X"
"COL4A5	39	skcm_yale	skin	"
"DNAH9	39	skcm_yale	skin	"
"CSMD2	38	skcm_yale	skin	"
"DCC	37	skcm_yale	skin	2ED7"
"CSMD3	37	skcm_yale	skin	"
"SCN10A	36	skcm_yale	skin	"
"SCN11A	36	skcm_yale	skin	"
"COL3A1	35	skcm_yale	skin	2V53"
"USH2A	34	skcm_yale	skin	"
"RELN	33	skcm_yale	skin	"
"PTPRD	32	skcm_yale	skin	1X5Z"
"SI	30	skcm_yale	skin	3LPO"
"COL5A1	30	skcm_yale	skin	1A89"
"LRP2	29	skcm_yale	skin	2M0P"
"PREX2	29	skcm_yale	skin	"
"RP1	29	skcm_yale	skin	"
"COL11A1	29	skcm_yale	skin	"
"COL22A1	29	skcm_yale	skin	"
"DNAH3	28	skcm_yale	skin	"
"SPHKAP	27	skcm_yale	skin	"
"ADAMTS20	27	skcm_yale	skin	"
"MUC17	27	skcm_yale	skin	"
"XDH	26	skcm_yale	skin	2CKJ"
"COL14A1	26	skcm_yale	skin	"
"STAB2	26	skcm_yale	skin	"
"APOB	26	skcm_yale	skin	"
"MYH4	26	skcm_yale	skin	"
"UNC79	25	skcm_yale	skin	"
"TNR	24	skcm_yale	skin	"
"CD163L1	24	skcm_yale	skin	"
"FAT4	23	skcm_yale	skin	"
"PCDH15	23	skcm_yale	skin	4XHZ"
"CD163	23	skcm_yale	skin	"
"GRIN2B	23	skcm_yale	skin	1S11"
"MYH1	23	skcm_yale	skin	"
"DSG4	23	skcm_yale	skin	"
"VWF	22	skcm_yale	skin	1AO3"
"C6	22	skcm_yale	skin	3T5O"
"C1orf173	22	skcm_yale	skin	"
"LOXHD1	21	skcm_yale	skin	"
"ABCA4	21	skcm_yale	skin	"
"RYR1	21	skcm_yale	skin	"
"ADAM7	21	skcm_yale	skin	"
"FLG	21	skcm_yale	skin	4PCW"
"TTN	852	stad_tcga	stomach	1BPV"
"MUC16	301	stad_tcga	stomach	"
"OBSCN	206	stad_tcga	stomach	1V1C"
"TP53	204	stad_tcga	stomach	1A1U"
"SYNE1	202	stad_tcga	stomach	4DXR"
"LRP1B	181	stad_tcga	stomach	"
"FAT4	180	stad_tcga	stomach	"
"FLG	170	stad_tcga	stomach	4PCW"
"CSMD3	168	stad_tcga	stomach	"
"PCLO	151	stad_tcga	stomach	1UJD"
"AHNAK2	138	stad_tcga	stomach	4CN0"
"HMCN1	137	stad_tcga	stomach	"
"FAT3	135	stad_tcga	stomach	"
"RYR2	134	stad_tcga	stomach	4JKQ"
"ARID1A	133	stad_tcga	stomach	1RYU"
"DNAH5	125	stad_tcga	stomach	"
"CSMD1	125	stad_tcga	stomach	2EHF"
"DST	123	stad_tcga	stomach	3GJO"
"ZFHX4	122	stad_tcga	stomach	"
"KMT2D	120	stad_tcga	stomach	3UVK"
"MUC5B	119	stad_tcga	stomach	"
"HERC2	119	stad_tcga	stomach	2KEO"
"PLEC	117	stad_tcga	stomach	1MB8"
"RYR3	112	stad_tcga	stomach	4ERV"
"SPTA1	110	stad_tcga	stomach	1OWA"
"USH2A	106	stad_tcga	stomach	"
"NEB	105	stad_tcga	stomach	1ARK"
"RIMS2	103	stad_tcga	stomach	1V27"
"SACS	101	stad_tcga	stomach	1IUR"
"LAMA1	99	stad_tcga	stomach	"
"ZFHX3	99	stad_tcga	stomach	2DA1"
"MDN1	99	stad_tcga	stomach	"
"DNAH8	99	stad_tcga	stomach	"
"RYR1	98	stad_tcga	stomach	"
"HSPG2	97	stad_tcga	stomach	3SH4"
"DNAH11	96	stad_tcga	stomach	"
"DNAH7	96	stad_tcga	stomach	"
"KMT2C	96	stad_tcga	stomach	2YSM"
"XIRP2	96	stad_tcga	stomach	4F14"
"PREX2	92	stad_tcga	stomach	"
"PCDH10	91	stad_tcga	stomach	"
"SYNE2	91	stad_tcga	stomach	4DXS"
"GLI3	90	stad_tcga	stomach	4BLD"
"ABCA13	90	stad_tcga	stomach	"
"DMD	90	stad_tcga	stomach	1DXX"
"PCDH15	89	stad_tcga	stomach	4XHZ"
"CUBN	87	stad_tcga	stomach	3KQ4"
"LRP1	87	stad_tcga	stomach	1CR8"
"RNF213	87	stad_tcga	stomach	"
"DNAH3	86	stad_tcga	stomach	"